Organization,Name,Address,City,Zip,Type,Frequency,Latitude,Longitude
MontPIRG,MDU Employees FCU,210 S Merrill Ave,Glendive,,Drop Box,Continuously,47.10312,-104.71479
MontPIRG,Montana FCU,#15 14th St S,Great Falls,,Drop Box,Continuously,47.50446,-111.28247
Western Native Voice,Chief Dull Knife College Fall Orientation,1 College Drive,Lame Deer,59043,Event,Annually,45.62529,-106.66436
Western Native Voice,Chief Dull Knife College Spring Orientation,1 College Drive,Lame Deer,59043,Event,Annually,45.62529,-106.66436
Western Native Voice,Chief Dull Knife College,1 College Drive,Lame Deer,59043,School,Weekly,45.62529,-106.66436
MontPIRG,Fort Peck Community FCU,1 W Kansas Ave,Fort Peck,,Drop Box,Continuously,48.00989,-106.44547
Western Native Voice,Charging Horse Casino,1/2 US 212,Lame Deer,59043,Community Hot Spot,Weekly,45.62429,-106.65891
Western Native Voice,US Indian Health Services,100 Cheyenne Ave,Lame Deer,59043,Community Hot Spot,Monthly,45.6287,-106.67027
Forward MT,Big Dipper,100 N Broadway,Billings,59101,Drop Box,Continuously,45.78216,-108.50608
MontPIRG,UM Veteran Office,1000 E. Beckwith,Missoula,,Drop Box,Continuously,46.85714,-113.98273
MontPIRG,Drum Coffee Broadway,1000 E. Broadway,Missoula,,Drop Box,Continuously,46.8682,-113.98006
Western Native Voice,Passages,1001 S 27th St,Billings,59101,Community Hot Spot,Monthly,45.77199,-108.49313
Western Native Voice,Crow Agency Public School,101 Makata Street,Crow Agency,59022,School,Monthly,45.60541,-107.45861
Western Native Voice,Crow/ Northern Cheyenne Hospital,1010 7650 E,Crow Agency,59022,Community Hot Spot,Monthly,45.58219,-107.44885
MontPIRG,Parkside CU,1015 9th Street West,Columbia Falls,,Drop Box,Continuously,48.3709,-114.19491
MontPIRG,Liquid Planet Grille,1025 Arthur Ave,Missoula,,Drop Box,Continuously,46.86132,-113.98947
MontPIRG,Shakespeare and Co,103 S 3rd,Missoula ,,Drop Box,Continuously,46.86682,-113.99771
Forward MT,The Old Post ,103 W Spruce St.,Missoula,59802,Community Hot Spot,Monthly,46.87403,-113.99349
Western Native Voice,Fort Belknap Casino,104 Assiniboine Ave,Harlem,59526,Community Hot Spot,Weekly,48.4822,-108.75571
Western Native Voice,Jitterbugs,105 US 87,Box Elder,59521,Community Hot Spot,Weekly,48.31606,-110.01467
Western Native Voice,Browning High School,105 US-89,Browning,59417,School,Monthly,48.71302,-113.21519
Forward MT,Forward MT Office - Bozeman,105 W Main St Suite 2c,Bozeman,59715,Office,Continuously,45.67952,-111.03903
MontPIRG,Fergus FCU,106 E Janeaux St,Lewistown,,Drop Box,Continuously,45.66556,-108.7646
Forward MT,Belgrade Community Library,106 N Broadway,Belgrade ,59714,Community Hot Spot,Weekly,45.77763,-111.17523
Western Native Voice,Fort Peck Indian Health,107 H St E,Poplar,59255,Community Hot Spot,Monthly,48.3168,-105.211
MontPIRG,Missoula FCU,107 Main St,Stevensville,,Drop Box,Continuously,46.51216,-114.09315
Forward MT,Arthouse Cinema,109 N 30th St,Billings,59101,Community Hot Spot,Monthly,45.78138,-108.5084
Montana Women Vote,Missoula County Fairgrounds,1101 South Ave W,Missoula,59801,Community Hot Spot,Annually,46.847,-114.01513
Forward MT,Missoula County Fairgrounds,1101 South Ave W,Missoula,59801,Community Hot Spot,Weekly,46.847,-114.01513
Forward MT,HRDC Livingston ,111 S 2nd St,Livingston,59047,Community Hot Spot,Annually,45.66043,-110.56048
Forward MT,Winter Farmers Market @ Emerson,111 S Grand Ave,Bozeman ,59715,Community Hot Spot,Monthly,45.67781,-111.04069
Montana Women Vote,Poverello Center,1110 W Broadway St,Missoula,59802,Community Hot Spot,Monthly,46.8768,-114.00909
MontPIRG,Povarello Center,1110 W Broadway St,Missoula,,Drop Box,Continuously,46.8768,-114.00909
Western Native Voice,Northern Winz Casino,11275 US-87,Box Elder,59521,Community Hot Spot,Weekly,48.38871,-109.92304
Forward MT,Imagine Nation Brewery ,1151 W Broadway St,Missoula,59802,Community Hot Spot,Monthly,46.87645,-114.00962
MontPIRG,Missoula College (B),1205 E Broadway St,Missoula,,Drop Box,Continuously,46.86479,-113.97582
Forward MT,Missoula College,1205 E Broadway St.,Missoula,59802,School,Annually,46.86479,-113.97586
MontPIRG,Shelby Community FCU,121 1st Ave SE,Shelby,,Drop Box,Continuously,48.50399,-111.85422
Forward MT,Bunkhouse Brewery,1216 West Lincoln St,Bozeman,59715,Community Hot Spot,Weekly,45.66362,-111.05314
MontPIRG,Buttercup Market & Cafe,1221 Helen Ave,Missoula,,Drop Box,Continuously,46.85945,-113.99111
Forward MT,Caras Park,123 Carousel Dr,Missoula,59802,Community Hot Spot,Weekly,46.86937,-113.9971
Montana Women Vote,Caras Park,123 Carousel Dr,Missoula,59802,Community Hot Spot,Weekly,46.86937,-113.9971
Forward MT,Riverstone Health,123 S 27th St,Billings,59101,Community Hot Spot,Weekly,45.77956,-108.50078
MontPIRG,Peace of Mind,123 W Main,Missoula,,Drop Box,Continuously,46.87125,-113.99556
MontPIRG,Missoula Housing Authority,1235 34th St,Missoula,,Drop Box,Continuously,46.83752,-114.01707
MontPIRG,Missoula FCU,126 W Spruce St,Missoula,,Drop Box,Continuously,46.87472,-113.9939
Forward MT,Montgomery Distillery ,129 W Front St,Missoula,59802,Community Hot Spot,Monthly,46.87023,-113.99632
Western Native Voice,Ronan Highschool,130 3rd Ave NW,Ronan,59864,School,Monthly,47.55503,-114.09451
MontPIRG,Pita Pit,130 N Higgins Ave,Missoula,,Drop Box,Continuously,46.87071,-113.99448
MontPIRG,Parkside CU,1300 Baker Ave,Whitefish,,Drop Box,Continuously,48.3994,-114.33798
Forward MT,Montana Tech,1300 W Park St,Butte,59701,School,Annually,46.01234,-112.55769
Western Native Voice,University of Great Falls Providence Fall Orientation,1301 20th St S,Great Falls,59405,Event,Annually,47.49069,-111.27075
Western Native Voice,University of Great Falls Providence Spring Orientation,1301 20th St S,Great Falls,59405,Event,Annually,47.49069,-111.27075
Western Native Voice,University of Great Falls Providence,1301 20th St S,Great Falls,59405,School,Weekly,47.49069,-111.27075
Forward MT,The Wilma,131 S Higgins Ave,Missoula,59802,Drop Box,Continuously,46.8696,-113.99601
Forward MT,Top Hat,134 W Front St,Missoula,59802,Community Hot Spot,Annually,46.87067,-113.99606
MontPIRG,MSU,1342 12th Ave,Bozeman ,59715,School,Weekly,45.66601,-111.05329
MontPIRG,Great Harvest Bread Co,1407 S Higgins Ave,Missoula ,,Drop Box,Continuously,46.85782,-113.99769
Forward MT,Plaza Arcade Bar and Grill,1425 Broadwater Ave,Billings,59102,Community Hot Spot,Monthly,45.77735,-108.5523
MontPIRG,Valley FCU,1445 Main Street,Billings,,Drop Box,Continuously,45.82536,-108.47036
MontPIRG,Tricounty FCU,15 1st St SE,Harlowton,,Drop Box,Continuously,46.43538,-109.83043
Forward MT,Burns St. Bistro,1500 Burns St,Missoula,59802,Drop Box,Continuously,46.88567,-114.0149
Forward MT,Walmart,1500 N 7th Ave,Bozeman,59715,Community Hot Spot,Monthly,45.69477,-111.04219
MontPIRG,Embark CU,1500 River Dr N,Great Falls,,Drop Box,Continuously,47.51907,-111.28096
Forward MT,MSUB LA Hallway,1500 University Dr,Billings,59101,School,Weekly,45.79692,-108.52412
Forward MT,MSUB Petro Hall,1500 University Dr,Billings,59101,School,Weekly,45.7977,-108.52161
Forward MT,MSUB Sidewalk,1500 University Dr,Billings,59101,School,Weekly,45.79684,-108.52201
Forward MT,MSUB SUB Atrium,1500 University Dr,Billings,59101,School,Weekly,45.66555,-111.04765
Western Native Voice,MSUB Powwow,1500 University Drive,Billings,59101,Event,Annually,45.79739,-108.51786
Western Native Voice,Montana State University Billings Fall Orientation,1500 University Drive,Billings,59101,Event,Annually,45.79673,-108.5213
Western Native Voice,Montana State University Billings Spring Orientation,1500 University Drive,Billings,59101,Event,Annually,45.79673,-108.5213
Western Native Voice,Montana State University Billings Native American Achievement Center,1500 University Drive,Billings,59101,School,Weekly,45.79696,-108.52559
Forward MT,Open Aid Alliance,1500 W Broadway St suite a,Missoula,59808,Drop Box,Continuously,46.87835,-114.01877
MontPIRG,Bayern Brewing,1507 Montana St,Missoula,,Drop Box,Continuously,46.87265,-114.02018
Forward MT,Rocky Mountain College,1511 Poly Dr,Billings,59102,School,Weekly,45.79659,-108.55815
MontPIRG,Home Resource ,1515 Wyoming Street,Missoula,,Drop Box,Continuously,46.87158,-114.01901
Forward MT,MUD Earth Day,1527 Wyoming St.,Missoula,59801,Event,Annually,46.87175,-114.0196
Forward MT,Forward MT Office - Missoula,1535 Wyoming St,Missoula,59801,Office,Continuously,46.87189,-113.9929
MontPIRG,Water Lilies,1536 South Reserve,Missoula,,Drop Box,Continuously,46.85619,-114.03891
MontPIRG,Valley FCU,1541 Custer Avenue,Billings,,Drop Box,Continuously,45.77621,-108.55569
MontPIRG,Horizon CU,1555 Harrison Ave,Butte,,Drop Box,Continuously,45.99928,-112.51742
Forward MT,Patagonia Outlet,16 S Idaho,Dillon,59725,Community Hot Spot,Annually,45.21661,-112.63675
Forward MT,Bonner Park,1600 Ronald Ave,Missoula,59801,Community Hot Spot,Annually,46.85473,-113.99323
Forward MT,Carroll College,1601 N Benton Ave,Helena,59625,School,Annually,46.60073,-112.03888
MontPIRG,Valley FCU,"1707 Oak St, Ste A",Bozeman,,Drop Box,Continuously,45.69413,-111.05871
Forward MT,Missoula Food Bank,1720 Wyoming St,Missoula,59801,Community Hot Spot,Monthly,46.87215,-114.0231
Montana Women Vote,Missoula Food Bank,1720 Wyoming St,Missoula,59801,Community Hot Spot,Monthly,46.87215,-114.0231
Forward MT,Skyview High,1775 High Sierra Blvd,Billings,59105,School,Monthly,45.83168,-108.51578
MontPIRG,Missoula FCU,1775 S Russell St,Missoula,,Drop Box,Continuously,46.85439,-114.01844
MontPIRG,Richland County FCU,18 2nd St E,Culbertson,,Drop Box,Continuously,48.14517,-104.51682
Forward MT,Wild Joes ,18 W Main S,Bozeman,59715,Community Hot Spot,Monthly,45.67902,-111.03779
MontPIRG,Rocky Mountain CU,1820 11th Ave,Helena,,Drop Box,Continuously,46.5901,-112.00774
MontPIRG,Rocky Mountain CU,1840 Baxter Ave,Bozeman,,Drop Box,Continuously,45.70014,-111.06158
MontPIRG,Fact and Fiction,20 N Higgins Ave,Missoula,,Drop Box,Continuously,46.87144,-113.99405
Forward MT,Albertsons ,200 S 23rd Ave,Bozeman ,59718,Community Hot Spot,Weekly,45.67684,-111.0652
MontPIRG,Movie Lovers,200 S 23rd Ave,Bozeman,,Drop Box,Continuously,45.67741,-111.06532
MontPIRG,Montana Educators Credit Union,2000 S Russell St # 1,Missoula ,,Drop Box,Continuously,46.85217,-114.0179
MontPIRG,Richland County FCU,201 W Holly St,Sidney,,Drop Box,Continuously,47.71856,-104.15706
MontPIRG,Bear Paw CU,"201, 3509, 2nd St",Havre,,Drop Box,Continuously,48.55287,-109.6796
Forward MT,Ebon Coffee Collective,"2035, 2712 2nd Ave N",Billings,59101,Drop Box,Continuously,45.78313,-108.50578
Forward MT,Bozeman High School ,205 N 11th Ave,Bozeman ,59718,School,Annually,45.67982,-111.05368
MontPIRG,Masala,206 W Main St,Missoula,,Drop Box,Continuously,46.87194,-113.99622
MontPIRG,Valley FCU,207 North Broadway,Billings,,Drop Box,Continuously,45.78346,-108.50652
Forward MT,The Badlander,208 Ryman St,Missoula,59802,Community Hot Spot,Monthly,46.87216,-113.99554
Forward MT,Great Falls College,2100 16th Ave S,Great Falls,59405,School,Annually,47.48599,-111.26982
Forward MT,Billings Zoo,2100 Shiloh Road,Billings,59106,Community Hot Spot,Monthly,45.73225,-108.62106
MontPIRG,Rocky Mountain CU,2101 Yale Ave,Butte ,,Drop Box,Continuously,45.98821,-112.50781
Forward MT,Yellowstone Valley Brewing Company,2123 1st Ave N B,Billings,59101,Community Hot Spot,Monthly,45.78626,-108.49829
Western Native Voice,Wolf Point Highschool,213 6th Ave S,Wolf Point,59201,School,Monthly,48.08917,-105.64923
MontPIRG,Valley FCU,216 8th Avenue East,Roundup,,Drop Box,Continuously,46.44859,-108.53795
MontPIRG,Wolf Point FCU,217 3rd Ave S,Wolf Point,,Drop Box,Continuously,48.08966,-105.64114
MontPIRG,Bitterroot Community FCU,218 S Main Street,Darby,,Drop Box,Continuously,46.01861,-114.17801
MontPIRG,Parkside CU,2181 Hwy 2 E. Sp 10,Kalispell,,Drop Box,Continuously,48.22455,-114.27589
Western Native Voice,Western Native Voice Office,220 S 27th St,Billings,59101,Office,Continuously,45.77851,-108.50083
Forward MT,West High,2201 St Johns Ave,Billings,59102,School,Monthly,45.77275,-108.57103
MontPIRG,Liquid Planet Downtown,223 N Higgins Ave,Missoula,,Drop Box,Continuously,46.87182,-113.99466
MontPIRG,Great Burn Brewery,2230 McDonald Ave,Missoula,,Drop Box,Continuously,46.83992,-114.03284
MontPIRG,Parkside CU,2300 Great Northern Ave,Missoula,,Drop Box,Continuously,46.886,-114.03504
Forward MT,Verge Theater ,2304 N 7th Ave c1,Bozeman,59715,Drop Box,Continuously,45.70308,-111.04516
MontPIRG,Horizon CU,2330 South Reserve Street,Missoula,,Drop Box,Continuously,46.85024,-114.03885
Forward MT,ZACC Block Party,235 N 1st St W,Missoula,59802,Event,Annually,46.87709,-113.99367
Montana Women Vote,Missoula Pre Release Center,2350 Mullan Rd,Missoula,59808,Community Hot Spot,Weekly,46.88136,-114.02591
Montana Women Vote,Rosauers,2350 S Reserve St.,Missoula,59801,Community Hot Spot,Monthly,46.84957,-114.03744
Forward MT,Rosauers,2350 S Reserve St.,Missoula,59801,Community Hot Spot,Weekly,46.84957,-114.03744
MontPIRG,Rocking Rudy's ,237 Blaine St,Missoula,,Drop Box,Continuously,46.86132,-113.99846
Forward MT,Craft Local,2413 Montana Ave,Billings,59101,Community Hot Spot,Annually,45.78339,-108.50076
MontPIRG,Five on Black  ,242 E Main St,Bozeman,,Drop Box,Continuously,45.6791,-111.03295
Forward MT,Grizzly Property Management,2432 W Central Ave,Missoula,59801,Community Hot Spot,Annually,46.85087,-114.03867
MontPIRG,Pita Pit,246 E Main St,Bozeman,,Drop Box,Continuously,45.67907,-111.03287
Forward MT,Dana Gallery,246 N Higgins Ave,Missoula,59802,Community Hot Spot,Monthly,46.87172,-113.99384
Forward MT,Pub Station,2502 1st Ave N,Billings,59101,Community Hot Spot,Monthly,45.78366,-108.50212
Forward MT,Toucan Gallery,2505 Montana Ave,Billings,59101,Drop Box,Continuously,45.78295,-108.50167
Forward MT,Walmart,2525 King Ave W,Billings,59101,Community Hot Spot,Monthly,45.75749,-108.57957
MontPIRG,Missoula FCU,2610 N Reserve St,Missoula,,Drop Box,Continuously,46.88911,-114.03859
Forward MT,Mustangs Game,2611 9th Ave N,Billings,59101,Community Hot Spot,Monthly,45.79079,-108.51085
Western Native Voice,Aaniiih Nakoda College Fall Orientation,269 Blackfeet Avenue- Agency,Harlem,59526,Event,Annually,48.48385,-108.75766
Western Native Voice,Aaniiih Nakoda College Spring Orientation,269 Blackfeet Avenue- Agency,Harlem,59526,Event,Annually,48.48385,-108.75766
Western Native Voice,Aaniiih Nakoda College,269 Blackfeet Avenue- Agency,Harlem,59526,School,Weekly,48.48385,-108.75766
Montana Women Vote,Walmart,2750 Prospect Ave,Helena,59601,Community Hot Spot,Weekly,46.59353,-111.9905
Forward MT,Babcock Theatre,2812 2nd Ave N,Billings,59101,Community Hot Spot,Monthly,45.78261,-108.507
Forward MT,Forward MT Office - Billings,2822 3rd Ave N # 203,Billings,59101,Office,Continuously,45.78325,-108.50818
Forward MT,Kirks Grocery,2920 Minnesota Ave,Billings,59101,Community Hot Spot,Weekly,45.77929,-108.50615
MontPIRG,Valley FCU,2955 Grand Avenue,Billings,,Drop Box,Continuously,45.7846,-108.58882
Montana Women Vote,WinCo Foods,2995 N Sanders St,Helena,59601,Community Hot Spot,Weekly,46.61474,-112.01291
MontPIRG,Granny's Donuts,3 Tai Ln,Bozeman,,Drop Box,Continuously,45.66383,-111.05425
MontPIRG,Northern MT Hospital FCU,30 13th St,Havre,,Drop Box,Continuously,48.53858,-109.68667
Forward MT,MSU-Northern,300 13th St W,Havre,59501,School,Annually,48.54086,-109.68809
Western Native Voice,Silver Wolf Casino,300 Montana 25,Wolf Point,59201,Community Hot Spot,Weekly,48.0927,-105.63186
Forward MT,Thristy Street Brewing Company,3008 1st Ave N,Billings,59101,Community Hot Spot,Monthly,45.78061,-108.50855
Western Native Voice,Hot Springs High School,301 Broadway Ave,Hot Springs,59845,School,Monthly,47.59555,-114.65474
Montana Women Vote,Missoula Public Library,301 E Main St,Missoula,59802,Community Hot Spot,Monthly,46.86983,-113.99097
Forward MT,Missoula Public Library,301 E Main St,Missoula,59802,Community Hot Spot,Weekly,46.86983,-113.99097
MontPIRG,Missoula Public Library,301 E Main St,Missoula,,Drop Box,Continuously,46.86983,-113.99097
MontPIRG,Badlands FCU,302 W Towne St,Glendive,,Drop Box,Continuously,47.10682,-104.71537
MontPIRG,Valley FCU,3025 King Avenue W,Billings,,Drop Box,Continuously,45.75565,-108.59226
MontPIRG,The Runner's Edge,304 N Higgins Ave,Missoula,,Drop Box,Continuously,46.87228,-113.99371
MontPIRG,Black Owl Tattoo,307 N Higgins Ave,Missoula,,Drop Box,Continuously,46.87249,-113.99405
Forward MT,First Congregational Church,310 N 27th St,Billings,59101,Community Hot Spot,Monthly,45.7845,-108.50688
MontPIRG,Kettlehouse North,313 N 1st St W,Missoula,,Drop Box,Continuously,46.87791,-113.99528
MontPIRG,UM,32 Campus Dr.,Missoula,59812,School,Weekly,46.86057,-113.98212
Forward MT,University of Montana,32 Campus Dr. ,Missoula,59801,School,Weekly,46.86006,-113.9852
Western Native Voice,U of M Fall Orientation,32 Campus Drive,Missoula,59812,Event,Annually,46.86057,-113.98212
Western Native Voice,U of M Spring Orientation,32 Campus Drive,Missoula,59812,Event,Annually,46.86057,-113.98212
Western Native Voice,Payne Family Native American Center,32 Campus Drive,Missoula,59812,School,Weekly,46.8596,-113.9865
MontPIRG,Salvation Army,32 S Rouse Ave,Bozeman,,Drop Box,Continuously,45.67859,-111.03149
Forward MT,HRDC Bozeman,32 S Tracy Ave,Bozeman,59718,Drop Box,Continuously,45.67849,-111.03693
MontPIRG,McCone County FCU,320 Main St,Circle,,Drop Box,Continuously,47.41815,-105.58989
MontPIRG,Butterfly Herbs,323 N Higgins,Missoula,,Drop Box,Continuously,46.87164,-113.9941
Forward MT,Rosauers,3255 Technology Blvd W,Bozeman ,59718,Community Hot Spot,Weekly,45.67017,-111.08232
Forward MT,REI,3275 N Reserve St,Missoula,59808,Community Hot Spot,Monthly,46.89535,-114.04118
Forward MT,Better Property Management,328 Grand Ave,Billings,59101,Community Hot Spot,Weekly,45.78385,-108.5244
MontPIRG,Rocky Mountain CU,3400 N Montana,Helena,,Drop Box,Continuously,46.62234,-112.02199
Western Native Voice,Flathead Tribal Health,35401 Mission Dr,St Ignatius,59865,Community Hot Spot,Monthly,47.31647,-114.10444
Montana Women Vote,Walmart,3555 Mullan Rd. ,Missoula,59808,Community Hot Spot,Monthly,46.88421,-114.04188
Forward MT,Walmart,3555 Mullan Rd. ,Missoula,59808,Community Hot Spot,Weekly,46.88421,-114.04188
MontPIRG,Missoula FCU,3600 Brooks St,Missoula,,Drop Box,Continuously,46.83758,-114.03455
MontPIRG,Horizon CU,3708 North Reserve Street,Missoula,,Drop Box,Continuously,46.90425,-114.03834
Forward MT,MSUB COT,3803 Central Ave,Billings,59102,School,Monthly,45.77117,-108.61281
MontPIRG,Five on Black Reserve,3850 S Reserve St,Missoula,,Drop Box,Continuously,46.83528,-114.03915
Western Native Voice,Poplar High School,400 4th Ave W,Poplar,59255,School,Monthly,48.31592,-105.18328
MontPIRG,Valley FCU,400 E. Pike Avenue,Columbus,,Drop Box,Continuously,45.63761,-109.25498
Forward MT,Yellowstone Art Museum,401 N 27th St,Billings,59101,Community Hot Spot,Monthly,45.78584,-108.50708
Forward MT,4th of July Parade,402 1st St E,Polson,59860,Event,Annually,47.69215,-114.16215
Forward MT,Townshends Tea House ,402 E Main St,Bozeman ,59715,Community Hot Spot,Weekly,45.67913,-111.03178
MontPIRG,Townshend's Tea House,402 E Main St,Bozeman,,Drop Box,Continuously,45.67913,-111.03178
MontPIRG,Daniels-Sheridan FCU,404 Main St,Scobey,,Drop Box,Continuously,48.78931,-105.41924
MontPIRG,Parkside CU,"4055 Brooks St., Suite C",Missoula,,Drop Box,Continuously,46.83373,-114.04936
Forward MT,Ten Spoon Winery,4175 Rattlesnake Dr,Missoula,59802,Community Hot Spot,Annually,46.90311,-113.96303
MontPIRG,Culture Kava,420 N Higgins Ave Unit B,Missoula ,,Drop Box,Continuously,46.87334,-113.99273
Forward MT,Taco del Sol,422 N. Higgins Ave.,Missoula,59802,Drop Box,Continuously,46.87348,-113.99294
Western Native Voice,CSKT Tribal Headquarters,42487 Complex Blvd.,Pablo,59855,Community Hot Spot,Weekly,47.59575,-114.11502
Forward MT,Senior High,425 Grand Ave,Billings,59101,School,Monthly,45.78481,-108.52606
Forward MT,Break Espresso,432 N Higgins Ave,Missoula,59802,Community Hot Spot,Monthly,46.87362,-113.9926
MontPIRG,Break Espresso,432 N Higgins Ave,Missoula ,,Drop Box,Continuously,46.87362,-113.9926
Forward MT,Happy Homes,4402 Blue Devils Way #1,Billings,59106,Canvass,Annually,45.75382,-108.62901
MontPIRG,Roam Office,"4432, 101 E Front St suite #303",Missoula ,,Drop Box,Continuously,46.86902,-113.99201
MontPIRG,Grizzly Grocery ,447 Hill St,Missoula,,Drop Box,Continuously,46.85713,-113.998
MontPIRG,Parkside CU,4500 Expressway,Missoula,,Drop Box,Continuously,46.91379,-114.05984
MontPIRG,Wordens,451 N Higgins Avenue,Missoula,,Drop Box,Continuously,46.87393,-113.99316
Western Native Voice,Glacier Peaks Casino,46 Museum Loop,Browning,59417,Community Hot Spot,Weekly,48.55739,-113.02544
Western Native Voice,KwaTaqNuk Casino,49708 US 93,Polson,59860,Community Hot Spot,Weekly,47.69505,-114.15795
Forward MT,Caffe Dolce,500 Brooks St,Missoula,59801,Community Hot Spot,Annually,46.85919,-114.00223
MontPIRG,St. Patrick's Hospital CU,500 West Broadway,Missoula ,,Drop Box,Continuously,46.87447,-114.0004
Western Native Voice,Helena Indian Alliance,501 Euclid Ave,Helena,59601,Community Hot Spot,Weekly,46.5988,-112.04459
Western Native Voice,Fort Peck Addiniboine & Sioux Tribes,501 Medicine Bear Rd,Poplar,59255,Community Hot Spot,Weekly,48.12357,-105.1847
MontPIRG,Ravalli County FCU,501 N 1st St,Hamilton,,Drop Box,Continuously,46.25182,-114.15678
Forward MT,Western Cider,501 N California St,Missoula,59802,Community Hot Spot,Annually,46.87666,-114.0139
Western Native Voice,Blackfeet Community College Fall Orientation,504 SE Boundary St,Browning,59417,Event,Annually,48.55191,-113.0093
Western Native Voice,Blackfeet Community College Spring Orientation,504 SE Boundary St,Browning,59417,Event,Annually,48.55191,-113.0093
Western Native Voice,Blackfeet Community College,504 SE Boundary St,Browning,59417,School,Weekly,48.55191,-113.0093
Forward MT,Billings Public Library,510 N Broadway,Billings,59101,Community Hot Spot,Weekly,45.78586,-108.51044
Western Native Voice,Billings Library,510 N Broadway,Billings,59101,Community Hot Spot,Monthly,45.79682,-108.52303
Forward MT,GILD,515 S Higgins Ave,Missoula,59801,Community Hot Spot,Monthly,46.86661,-113.9979
Forward MT,Black Coffee,525 E Spruce St,Missoula,59802,Community Hot Spot,Monthly,46.87181,-113.9864
MontPIRG,Montana FCU,540 Smelter Ave NE,Great Falls,,Drop Box,Continuously,47.52422,-111.30017
Forward MT,Big Sky Ampitheater,5417 Trumpeter Way,Missoula,59808,Community Hot Spot,Annually,46.92244,-114.07323
Western Native Voice,Salish Kootani College Fall Orientation,58138 US 93,Pablo,59855,Event,Annually,47.59748,-114.11179
Western Native Voice,Salish Kootani College Spring Orientation,58138 US 93,Pablo,59855,Event,Annually,47.59748,-114.11179
Western Native Voice,Salish Kootani College,58138 US 93,Pablo,59855,School,Weekly,47.59748,-114.11179
MontPIRG,Drum Coffee South,600 South Ave,Missoula,,Drop Box,Continuously,46.84903,-114.00638
Forward MT,Kettlehouse Ampitheater,605 Cold Smoke Lane,Bonner,59823,Community Hot Spot,Monthly,46.87558,-113.86118
Western Native Voice,Fort Peck Community College Fall Orientation,605 Indian Ave,Poplar,59255,Event,Annually,48.11357,-105.19301
Western Native Voice,Fort Peck Community College Spring Orientation,605 Indian Ave,Poplar,59255,Event,Annually,48.11357,-105.19301
Western Native Voice,Fort Peck Community College,605 Indian Ave,Poplar,59255,School,Weekly,48.11357,-105.19301
Forward MT,Blue Mountain Clinic,610 N California St,Missoula,59802,Community Hot Spot,Monthly,46.87732,-114.01312
Forward MT,Clyde Coffee,610 S Higgins Ave,Missoula,59801,Community Hot Spot,Annually,46.86563,-113.9973
MontPIRG,SEG Credit Union,617 SE 4th St. Laurel,Laurel,,Drop Box,Continuously,45.66556,-108.7646
Forward MT,Lolo Peak Brewery ,6201 Brewery Way,Lolo,59847,Community Hot Spot,Annually,46.76604,-114.08304
Western Native Voice,Little Shell Tribal Headquaters,625 Central Ave W Suite 100,Great Falls,59404,Community Hot Spot,Weekly,47.50806,-111.32296
Forward MT,Bozeman Public Library,626 E Main St,Bozeman,59715,Community Hot Spot,Weekly,45.67857,-111.02709
Forward MT,Big Dipper,631 S Higgins Ave,Missoula,59801,Community Hot Spot,Weekly,46.86519,-113.99801
Western Native Voice,Blackfeet Nation Tribal Administration Office,640 All Chiefs Rd,Browning,59417,Community Hot Spot,Weekly,48.5643,-113.01523
Western Native Voice,Fort Belknap Tribal Headquaters,656 Agency Main St,Harlem,59526,Community Hot Spot,Weekly,48.15638,-108.94028
MontPIRG,Parkside CU,660 Sunset Blvd,Kalispell,,Drop Box,Continuously,48.20592,-114.31858
Western Native Voice,Fort Belknap Hospital,669 Agency Main Street,Harlem,59526,Community Hot Spot,Monthly,48.48224,-108.76419
Forward MT,Orange Street Food Farm,701 S Orange St,Missoula,59801,Community Hot Spot,Weekly,46.86433,-114.00407
MontPIRG,Orange Street Food Farm,701 S Orange St,Missoula,,Drop Box,Continuously,46.86433,-114.00407
Forward MT,Winter Market (Senior Center),705 S Higgins Ave,Missoula,59801,Community Hot Spot,Weekly,46.86481,-113.99795
MontPIRG,Bitterroot Community FCU,706 S First Street,Hamilton,,Drop Box,Continuously,46.24033,-114.15431
Western Native Voice,Apsaalooke Nights,71 Heritage Road,Crow Agency,59022,Community Hot Spot,Weekly,45.58006,-107.45062
Forward MT,UM-Western,710 S Atlantic St,Dillon,59725,School,Annually,45.20868,-112.63886
Forward MT,The Roxy Theater,718 S Higgins Ave,Missoula,59801,Community Hot Spot,Monthly,46.86443,-113.99711
MontPIRG,The Roxy,718 S Higgins Ave ,Missoula,,Drop Box,Continuously,46.86443,-113.99711
Western Native Voice,Arlee High School,7200 Fyant St,Arlee,59821,School,Monthly,47.1611,-114.00044
Montana Women Vote,Montana Women Vote Office,725 W Alder St #21,Missoula,59802,Office,Continuously,46.877744,-114.0047627
Western Native Voice,St Ignatius High School,76 3rd Ave,St Ignatius,59865,School,Monthly,47.31877,-114.09173
Western Native Voice,Blackfeet Community Hospital,760 Hospital Circle,Browning,59417,Community Hot Spot,Monthly,48.56572,-113.01975
Forward MT,Flathead Valley CC,777 Grandview Dr,Kalispell,59901,School,Annually,48.2284,-114.32719
Montana Women Vote,Helena Pre-Release Center,805 Colleen St,Helena,59601,Community Hot Spot,Weekly,46.59389,-111.97379
Western Native Voice,Fort Peck Tribes Jail,807 Court Ave,Poplar,59255,Community Hot Spot,Monthly,48.11585,-105.1923
Western Native Voice,Rocky Boy Highschool,81 Mission Taylor Rd,Box Elder,59521,School,Monthly,48.25753,-109.78349
Forward MT,Taco Montes ,815 W College St A,Bozeman,59715,Community Hot Spot,Monthly,45.67152,-111.04907
Western Native Voice,Stone Child College Fall Orientation,8294 Upper Box Elder Rd,Box Elder,59521,Event,Annually,48.28957,-109.87093
Western Native Voice,Stone Child College Spring Orientation,8294 Upper Box Elder Rd,Box Elder,59521,Event,Annually,48.28957,-109.87093
Western Native Voice,Stone Child College,8294 Upper Box Elder Rd,Box Elder,59521,School,Weekly,48.28957,-109.87093
Western Native Voice,Missoula Urban Indian Health Center,830 West Central,Missoula,59801,Community Hot Spot,Weekly,46.85101,-114.01096
MontPIRG,Rocky Mountain CU,8645 Huffine Lane,Bozeman,,Drop Box,Continuously,45.67162,-111.08274
Western Native Voice,Little Big Horn College Fall Orientation,8645 S Weaver Dr,Crow Agency,59022,Event,Annually,45.60501,-107.45875
Western Native Voice,Little Big Horn College Spring Orientation,8645 S Weaver Dr,Crow Agency,59022,Event,Annually,45.60501,-107.45875
Western Native Voice,Little Big Horn College,8645 S Weaver Dr,Crow Agency,59022,School,Weekly,45.60385,-107.45696
MontPIRG,Dog and Bicycle,875 Wyoming St #102,Missoula,,Drop Box,Continuously,46.87167,-114.00934
Forward MT,Montana Folk Festival,9 N Main St,Butte,59701,Event,Annually,46.01309,-112.536
Montana Women Vote,Montana Folk Festival,9 N Main St,Butte,59701,Event,Annually,46.01309,-112.536
MontPIRG,Rocky Mountain CU,"90 W Madison, Ste A",Belgrade,,Drop Box,Continuously,45.77261,-111.18025
MontPIRG,Hellgate High School,900 S Higgins Ave,Missoula,,Drop Box,Continuously,46.86282,-113.99661
Forward MT,Hellgate High School,900 S Higgins Ave,Missoula,59801,School,Annually,46.86282,-113.99661
MontPIRG,Montana FCU,901 8th Avenue S,Great Falls,,Drop Box,Continuously,47.49679,-111.29174
Forward MT,Big Sky County State Fair,901 N Black,Bozeman,59718,Event,Annually,45.69002,-111.03545
Forward MT,Farmers Market @ Haynes Pavillion,901 North Black,Bozeman,59718,Event,Weekly,45.69017,-111.03723
Forward MT,Sentinel High School,901 South Ave W,Missoula,59801,School,Annually,46.8471,-114.00955
Forward MT,Draught Works Brewery,915 Toole Ave,Missoula,59802,Community Hot Spot,Monthly,46.87802,-114.00345
Forward MT,Elks Lodge ,934 Lewis Ave,Billings,59102,Community Hot Spot,Annually,45.78,-108.53971
MontPIRG,Rimrock Credit Union,952 Central,Billings,,Drop Box,Continuously,45.76937,-108.54075
Western Native Voice,Door to Door Canvass - Arlee,Arlee,Arlee,59821,Canvass,Weekly,47.16254,-114.08473
Western Native Voice,Arlee Powwow,Arlee Powwow Grounds,Arlee,59821,Event,Annually,47.16269,-114.08463
Western Native Voice,Door to Door Canvass - Ashland,Ashland,Ashland,59003,Canvass,Weekly,45.61624,-106.30675
Western Native Voice,Door to Door Canvass - Babb,Babb,Babb,59411,Canvass,Weekly,48.86026,-113.43676
Western Native Voice,Veteran's 4th of July Powwow,Chewing Black Bones Campground,Babb,59411,Event,Annually,48.82617,-113.41963
MontPIRG,Door to Door Canvass - Billings,Billings,Billings,59101,Canvass,Annually,45.78328,-108.50069
Western Native Voice,Door to Door Canvass - Billings,Billings,Billings,59101,Canvass,Weekly,45.78328,-108.50069
Forward MT,Movie in the Park,Billings Zoo,Billings,59106,Event,Annually,45.73232,-108.62112
Western Native Voice,Door to Door Canvass - Box Elder,Box Elder,Box Elder,59521,Canvass,Weekly,48.3172,-110.01326
Western Native Voice,Chippewa Cree Tribal Headquarters,31 Agency Square,Box Elder,59521,Community Hot Spot,Weekly,48.25464,-109.7886
Western Native Voice,Chippewa Cree Wellness Center,Box Elder,Box Elder,59521,Community Hot Spot,Monthly,48.2629,-109.77475
MontPIRG,Door to Door Canvass - Bozeman,Bozeman,Bozeman ,59715,Canvass,Annually,45.67699,-111.04293
Western Native Voice,Door to Door Canvass - Brockton,Brockton,Brockton,59213,Canvass,Weekly,48.15068,-104.91527
Western Native Voice,Badlands Celebration,Powwow Grounds,Brockton,59213,Event,Annually,48.15068,-104.91527
Western Native Voice,Door to Door Canvass - Browning,Browning,Browning,59417,Canvass,Weekly,48.55691,-113.01341
Western Native Voice,Blackfeet Manpower Veterans 4th of July Powwow,Browning,Browning,59417,Event,Annually,48.55691,-113.01341
Western Native Voice,North American Indian Days,Browning,Browning,59417,Event,Annually,48.55885,-113.02314
Western Native Voice,Door to Door Canvass - Busby,Busby,Busby,59016,Canvass,Weekly,45.5372,-106.9556
Western Native Voice,White River Days,Bubsy Pow-Wow Grounds,Busby,59016,Event,Annually,45.53905,-106.95296
Western Native Voice,NAIA Powwow,Butte Civic Center,Butte,59701,Event,Annually,46.00177,-112.51921
MontPIRG,Miller Hall,UM Campus,Missoula ,,Drop Box,Continuously,46.85871,-113.98874
MontPIRG,Aber Hall,UM Campus,Missoula ,,Drop Box,Continuously,46.86197,-113.9824
MontPIRG,Jesse Hall,UM Campus,Missoula ,,Drop Box,Continuously,46.86124,-113.98885
MontPIRG,Craig Hall,UM Campus,Missoula ,,Drop Box,Continuously,46.85906,-113.98735
Western Native Voice,Lame Deer Highschool,Carl Bement Memorial Hwy,Lame Deer,59043,School,Monthly,45.52594,-106.62275
MontPIRG,MontPIRG Office,Corbin Hall,Missoula,59812,Office,Continuously,46.86126,-113.98803
Western Native Voice,Door to Door Canvass - Crow Agency,Crow Agency,Crow Agency,59022,Canvass,Weekly,45.60414,-107.46452
Western Native Voice,Crow Tribe Executive Branch Administrative Offices,Crow Agency,Crow Agency,59022,Community Hot Spot,Weekly,45.60363,-107.46079
Western Native Voice,Ashland Powwow,Ashland Arbor,Ashland,59003,Event,Annually,45.59451,-106.2717
Western Native Voice,Crow Fair,Crow Agency,Crow Agency,59022,Event,Annually,45.59818,-107.44806
Western Native Voice,Crow Native Days,Crow Agency,Crow Agency,59022,Event,Annually,45.60363,-107.46079
Forward MT,Catapalooza & Bobcat Block Party,"Culbertson Hall, 100",Bozeman,59718,Event,Annually,45.6708,-111.04972
Forward MT,Montana State Mall,"Culbertson Hall, 100",Bozeman,59718,School,Weekly,45.6708,-111.04972
Forward MT,Montana State SUB Ballroom,"Culbertson Hall, 100",Bozeman,59718,School,Weekly,45.6708,-111.04972
Forward MT,Montana State University ,"Culbertson Hall, 100",Bozeman ,59718,School,Weekly,45.6708,-111.04972
Western Native Voice,Door to Door Canvass - Dixon,Dixon,Dixon,59831,Canvass,Weekly,47.31638,-114.31459
Western Native Voice,Door to Door Canvass - Dodson,Dodson,Dodson,59538,Canvass,Weekly,48.39555,-108.24429
Forward MT,Art Walk,Downtown,Billings,59101,Community Hot Spot,Monthly,45.78187,-108.50797
Forward MT,Farmers Market,Downtown,Billings,59101,Community Hot Spot,Weekly,45.78295,-108.50658
Forward MT,Skypoint,Downtown,Billings,59101,Community Hot Spot,Weekly,45.79635,-108.51746
Forward MT,Alive After 5,Downtown,Billings,59101,Event,Annually,45.78187,-108.50797
Forward MT,Billings Blues Festival,Downtown,Billings,59101,Event,Annually,45.78298,-108.50121
Forward MT,Billings Celtic Fest,Downtown,Billings,59101,Event,Annually,45.78353,-108.50537
Forward MT,Billings Pride Festival,Downtown,Billings,59101,Event,Annually,45.78037,-108.50883
Forward MT,Strawberry Festival,Downtown,Billings,59101,Event,Annually,45.78209,-108.50574
Forward MT,Downtown Butte ,Downtown,Butte ,,Community Hot Spot,Annually,46.01414,-112.53433
Forward MT,Montana Pride,Downtown,Helena,,Event,Annually,46.58552,-112.04087
Montana Women Vote,Montana Pride,Downtown,Helena,59601,Event,Annually,46.58552,-112.04087
Western Native Voice,Standing Arrow Powwow,Elmo Pow Wow Grounds,Elmo,59915,Event,Annually,47.82783,-114.34987
Western Native Voice,Door to Door Canvass - Fort Belknap,Fort Belknap Agency,Fort Belknap Agency,59526,Canvass,Weekly,48.48249,-108.76543
Western Native Voice,Milk River Indian Days,Fort Belknap Agency,Fort Belknap Agency,59526,Event,Annually,48.4701,-108.75242
Western Native Voice,Fort Kipp Celebration,Fort Kipp,Fort Kipp,59213,Event,Annually,48.14668,-104.71579
Western Native Voice,Door to Door Canvass - Frazer,Frazer,Frazer,59225,Canvass,Weekly,48.0614,-106.04196
Western Native Voice,Red Bottom Celebration,Frazer,Frazer,59225,Event,Annually,48.06061,-106.03417
Western Native Voice,Door to Door Canvass - Fort Kipp,Ft. Kipp,Fort Kipp,59213,Canvass,Weekly,48.14668,-104.71579
Western Native Voice,Door to Door Canvass - Great Falls,Great Falls,Great Falls,59405,Canvass,Weekly,47.50528,-111.30077
Western Native Voice,Door to Door Canvass - Hays,Hays,Hays,59527,Canvass,Weekly,47.98915,-108.69432
Western Native Voice,Peoples Center Powwow,Hays,Hays,59527,Event,Annually,47.61479,-114.11293
Western Native Voice,Door to Door Canvass - Heart Butte,Heart Butte,Heart Butte,59448,Canvass,Weekly,48.2833,-112.83673
Western Native Voice,Heart Butte Society Celebration,Heart Butte,Heart Butte,59448,Event,Annually,48.2833,-112.83673
MontPIRG,Door to Door Canvass - Helena,Helena,Helena,59601,Canvass,Annually,46.58914,-112.0391
Western Native Voice,Door to Door Canvass - Helena,Helena,Helena,59601,Canvass,Weekly,46.58914,-112.0391
Western Native Voice,Last Chance Powwow,Helena,Helena,59601,Event,Annually,46.61629,-112.05437
Western Native Voice,Door to Door Canvass - Hot Springs,Hot Springs,Hot Springs,59845,Canvass,Weekly,47.6091,-114.66874
MontPIRG,Door to Door Canvass - Kalispell,Kalispell,Kalispell,59901,Canvass,Annually,48.19198,-114.31681
Western Native Voice,Door to Door Canvass - Lame Deer,Lame Deer,Lame Deer,59043,Canvass,Weekly,45.62304,-106.66669
Western Native Voice,Northern Cheyenne 4th of July Chiefs Powwow,Lame Deer,Lame Deer,59043,Event,Annually,45.59002,-106.6559
Forward MT,Sweet Pea Festival,Lindley Park,Bozeman,59715,Event,Annually,45.67772,-111.02471
Western Native Voice,Northern Cheyenne Tribal Headquarters,Little Coyote Dr,Lame Deer,59043,Community Hot Spot,Weekly,45.62486,-106.66641
Western Native Voice,Door to Door Canvass - Lodge Grass,Lodge Grass,Lodge Grass,59050,Canvass,Weekly,45.31441,-107.36314
Western Native Voice,Wasay Wakpa Wachi Powwow,Lodge Pole,Lodge Pole,59524,Event,Annually,48.03471,-108.5332
Western Native Voice,Door to Door Canvass - Lodge Pole,Lodge Pole,Lodge Poll,59524,Canvass,Weekly,48.03471,-108.5332
Forward MT,4th of July Parade,Main St,Laurel,59044,Event,Annually,45.67449,-108.74932
Forward MT,4th of July Parade,Main St,Red Lodge,59068,Event,Annually,45.18396,-109.24693
Forward MT,Bite of Bozeman,Main St,Bozeman,59718,Event,Annually,45.67912,-111.03088
Forward MT,Art Walk,Main St,Bozeman,59715,Event,Monthly,45.6791,-111.03353
Forward MT,Music on Main,Main St,Bozeman,59715,Event,Weekly,45.67933,-111.03205
Forward MT,Yellowstone County Fair,Metra Park,Billings,59101,Event,Annually,45.79756,-108.4811
MontPIRG,Door to Door Canvass - Missoula,Missoula,Missoula,58901-2,Canvass,Monthly,46.87212,-113.99403
Western Native Voice,Door to Door Canvass - Missoula,Missoula,Missoula,59801,Canvass,Weekly,46.87212,-113.99403
MontPIRG,MSU-B Student Union,Montana State Billings,Billings,,Drop Box,Continuously,45.79772,-108.52094
Forward MT,MSUB Homecoming,Montana State Billings,Billings,59101,Event,Annually,45.77117,-108.61281
Forward MT,MSUB Move in Day,Montana State Billings,Billings,59101,Event,Annually,45.79772,-108.52093
MontPIRG,Kettlehouse South,Myrtle St.,Missoula,,Drop Box,Continuously,46.86557,-113.99877
MontPIRG,Zootown Brew,121 W Broadway St,Missoula,,Drop Box,Continuously,46.87211,-113.99511
MontPIRG,Lewis & Clark Community Room,Off Campus Housing,Missoula ,,Drop Box,Continuously,46.84367,-113.99644
MontPIRG,Off Campus Housing Community Room,Off Campus Housing,Missoula ,,Drop Box,Continuously,46.84832,-113.98744
Western Native Voice,Door to Door Canvass - Oswego,Oswego,Oswego,59201,Canvass,Weekly,48.05862,-105.88112
Western Native Voice,Door to Door Canvass - Pablo,Pablo,Pablo,59855,Canvass,Weekly,47.60132,-114.12233
Forward MT,Shakespeare in the Park,Pioneer Park,Billings,59101,Event,Annually,45.78838,-108.52532
Western Native Voice,Door to Door Canvass - Poplar,Poplar,Poplar,59255,Canvass,Weekly,48.11307,-105.19831
Western Native Voice,Poplar Indian Days,Poplar,Poplar,59255,Event,Annually,48.11754,-105.20405
Western Native Voice,Door to Door Canvass - Pyror,Pyror,Pyror,59066,Canvass,Weekly,45.42967,-108.53318
MontPIRG,Missoula College (A),River Campus,Missoula,,Drop Box,Continuously,46.86479,-113.97586
Western Native Voice,Rocky Boy Powwow,Rocky Boy,Rocky Boy Agency,59521,Event,Annually,48.28834,-109.81681
Western Native Voice,Door to Door Canvass - Rocky Boy,Rocky Boy Agency,Rocky Boy Agency,59521,Canvass,Weekly,48.25552,-109.78813
Western Native Voice,Door to Door Canvass - Ronan,Ronan,Ronan,59864,Canvass,Weekly,47.52882,-114.1015
Forward MT,Farmers Market @ Bogert Park,S Church Ave,Bozeman,59715,Event,Weekly,45.6762,-111.03065
MontPIRG,Clark Fork Market,S Pattee St,Missoula ,59802,Community Hot Spot,Weekly,46.86867,-113.9953
Western Native Voice,Heart Butte High School,School Rd,Heart Butte,59448,School,Monthly,48.27521,-112.83485
Forward MT,Gardeners Market,South Park,Billings,59101,Community Hot Spot,Weekly,45.77525,-108.49906
Western Native Voice,Southside Farmers Market,South Park,Billings,59101,Event,Weekly,45.77384,-108.49963
Forward MT,South Side Housing,South Side,Billings,59101,Canvass,Annually,45.77491,-108.50605
Western Native Voice,Door to Door Canvass - St. Ignatius,St. Ignatius,St. Ignatius,59865,Canvass,Weekly,47.31993,-114.09399
Western Native Voice,Door to Door Canvass - St. Xavier,St. Xavier,St. Xavier,59201,Canvass,Weekly,45.46107,-107.72176
Western Native Voice,St Labre Indian School,Tongue River Road,Ashland,59003,School,Monthly,45.60575,-106.28223
MontPIRG,Branch center ,University Center,Missoula ,,Drop Box,Continuously,46.86059,-113.98325
MontPIRG,ASUM Office,University Center,Missoula,,Drop Box,Continuously,46.86087,-113.98264
MontPIRG,Campus Quick Copy,University Center,Missoula,,Drop Box,Continuously,46.86053,-113.98282
MontPIRG,Missoula FCU,University Center,Missoula,,Drop Box,Continuously,46.8611,-113.98258
Western Native Voice,Chippewa Cree Justice Center,Upper Box Elder Road,Box Elder,59521,Community Hot Spot,Monthly,48.2901,-109.91754
Forward MT,Summer Fair,Veterans Park,Billings,59101,Event,Annually,45.79611,-108.54965
Forward MT,West Side Housing,West Side,Billings,59102,Canvass,Annually,45.76367,-108.59499
MontPIRG,Door to Door Canvass - Whitefish,Whitefish,Whitefish,59937,Canvass,Annually,48.41063,-114.33526
Western Native Voice,Door to Door Canvass - Wolf Point,Wolf Point,Wolf Point,59201,Canvass,Weekly,48.09057,-105.64055
Western Native Voice,Wadopana Celebration,Wolf Point,Wolf Point,59201,Event,Annually,48.09006,-105.64059
Western Native Voice,Door to Door Canvass - Wyola,Wyola,Wyola,59089,Canvass,Weekly,45.12958,-107.39332